"","Aver_temp","Max_temp","Min_temp","Atom_press_sea","Aver_hum","Total_rain_or_snow","Aver_vis","Aver_windsp","Max_sus_windsp","Max_windsp","Rain_or_driz","Snow","Storm","Fog","Date"
"1","17.9","22.3","15","1025.1","74","0","6.1","8.5","18","-","","","","",2016-01-01
"2","19.3","22.8","15.4","1021.3","80","0","3.4","7","14.4","-","o","","","",2016-01-02
"3","19.2","20","17.8","1019.5","96","8.13","3.2","4.1","7.2","-","o","","","o",2016-01-03
"4","20.7","23.6","19","1018","89","3.81","10.3","5.7","14.4","32.4","o","","","",2016-01-04
"5","20.2","23","18","1016.1","92","6.1","6.9","8.5","21.7","-","o","","o","",2016-01-05
"6","20.1","25","15","1020.2","70","0","15.9","15.2","28.7","-","","","","",2016-01-06
"7","18.6","22","15.5","1022","69","0","11.9","9.4","21.7","-","","","","",2016-01-07
"8","17.9","22","15","1020.8","66","0","13","10.7","21.7","-","","","","",2016-01-08
"9","18.4","21","15","1020.2","70","0","10.9","10.2","21.7","-","","","","",2016-01-09
"10","17.8","21","15.8","1016.6","85","21.59","7.1","12.2","21.7","35.9","o","","","",2016-01-10
"11","17.1","21.2","14","1017.9","81","14.48","15.3","13.7","21.7","-","o","","","",2016-01-11
"12","15.1","17","12","1020.9","70","0.76","16.4","15.7","25.2","-","","","","",2016-01-12
"13","15.7","19.8","11.8","1020.9","63","0","20.9","12.2","21.7","-","","","","",2016-01-13
"14","14.1","16","13","1018.4","85","10.41","4.7","10.7","18","-","o","","","",2016-01-14
"15","13.9","14.5","13","1015.3","93","25.91","6.8","10.4","18","-","o","","","",2016-01-15
"16","17","18","13.2","1012.3","91","7.62","5","10","21.7","39.6","o","","","",2016-01-16
"17","15.6","20","10.7","1013.4","78","6.86","12.6","16.1","28.7","35.9","o","","","",2016-01-17
"18","15.4","18","10.1","1018.5","65","4.06","15.4","12.4","21.7","-","","","","",2016-01-18
"19","15.4","17.2","13.6","1020.5","69","0","10.3","11.1","21.7","-","o","","","",2016-01-19
"20","14.8","16","14","1019.3","93","4.06","4.2","8.7","14.4","-","o","","","",2016-01-20
"21","13.8","15.9","11","1018.3","91","0.25","8.5","12.8","21.7","-","o","","","",2016-01-21
"22","9.7","13","6.6","1021.7","84","3.56","10.9","20.6","39.6","57.6","o","","","",2016-01-22
"23","5.8","8","2.1","1030.7","68","1.52","13.7","26.3","39.6","57.6","o","","","",2016-01-23
"24","3.7","5.3","1.7","1036","51","4.83","17.9","19.3","35.9","43.2","o","","","",2016-01-24
"25","7.6","11","1.8","1031.8","38","3.05","26.1","11.9","25.2","-","","","","",2016-01-25
"26","7.6","11","6","1026.8","71","2.79","10","11.9","18","-","o","","","",2016-01-26
"27","12.2","14.7","6","1021.6","92","10.41","8.4","10.4","28.7","-","o","","","",2016-01-27
"28","15.7","17","12.9","1017.8","97","90.42","3.5","7.4","25.2","-","o","","o","o",2016-01-28
"29","16.8","19.1","15","1018.4","91","24.89","9","7.8","14.4","25.2","o","","","",2016-01-29
"30","17.2","21.3","15","1020.3","79","12.45","13.5","11.5","21.7","32.4","","","","",2016-01-30
"31","14.9","18","11","1020.2","84","4.06","12.2","12.2","32.4","50.4","o","","","",2016-01-31
"32","9.3","13.8","7.1","1024.2","86","15.75","10.9","16.1","25.2","-","o","","","",2016-02-01
"33","8.3","10","6.5","1025.2","76","1.52","12.4","14.6","21.7","-","o","","","",2016-02-02
"34","11.2","13","7.1","1023.9","71","0","10.3","10.4","18","-","","","","",2016-02-03
"35","13.7","19.8","10","1022","72","0","9.5","13.7","25.2","-","","","","",2016-02-04
"36","13.3","17.5","9.8","1022.5","54","0","26.2","17.8","25.2","-","","","","",2016-02-05
"37","13.4","18","8.3","1026.2","29","0","27.5","18.5","28.7","-","","","","",2016-02-06
"38","12.9","19","7.2","1025.8","32","0","29.9","11.3","25.2","-","","","","",2016-02-07
"39","14.5","21.8","9","1023.2","42","0","29.3","8.5","18","-","","","","",2016-02-08
"40","16.9","23.7","9.7","1019.9","57","0","21.6","7","14.4","-","","","","",2016-02-09
"41","17.1","19.3","15","1016.4","75","0","15.3","7.8","21.7","-","","","","",2016-02-10
"42","19","25.2","15.9","1014.2","87","0","7.7","7.4","14.4","-","","","","",2016-02-11
"43","20.6","25.9","16","1012.4","91","0","9.8","11.1","18","-","","","","",2016-02-12
"44","22.4","27.3","20","1012.2","88","-","11.9","13.1","28.7","-","o","","","",2016-02-13
"45","18.3","25.3","11","1018","65","0","14.6","19.1","35.9","43.2","","","","o",2016-02-14
"46","11.1","13.9","9","1025.8","56","0.76","16.7","18.1","28.7","-","o","","","",2016-02-15
"47","11.5","12.3","8.7","1025.6","54","0","15","12.4","21.7","-","","","","",2016-02-16
"48","11.6","14","9.8","1024.1","70","1.78","9.8","8.9","14.4","-","o","","","",2016-02-17
"49","13.1","14","9.6","1021.4","88","0.51","6.1","7.2","10.7","-","o","","","",2016-02-18
"50","13.6","14.8","12.2","1021.5","92","14.22","5.6","10.6","18","-","o","","","",2016-02-19
"51","16.2","21","11.9","1023.3","54","0","22.9","9.4","25.2","-","","","","",2016-02-20
"52","15.4","17","14","1021.4","72","0","10.1","12","25.2","-","o","","","",2016-02-21
"53","15.2","19.4","14","1020.9","90","0","5.8","10.9","18","-","o","","","o",2016-02-22
"54","13.3","16.3","11","1024.2","82","0","15.1","15.4","25.2","-","","","","",2016-02-23
"55","13.1","15","10.9","1028.8","70","0","16.4","15.4","21.7","-","","","","",2016-02-24
"56","13.6","15.5","12","1029","75","0","11.4","13.5","18","-","","","","",2016-02-25
"57","13.6","15.5","12.5","1027.1","82","0","8.9","10","18","-","","","","",2016-02-26
"58","14.7","18.6","10","1024.5","72","0","17.4","9.6","21.7","-","","","","",2016-02-27
"59","15.8","21.2","11.5","1024","72","0","13.7","8.7","18","-","","","","",2016-02-28
"60","18.7","27","12.6","1024.7","54","0","18.5","12","28.7","-","","","","",2016-02-29
"61","16.2","23.3","13","1024","68","0","9.8","10","18","-","","","","",2016-03-01
"62","16.6","22.8","13.2","1023.2","67","0","13.4","9.3","18","-","","","","",2016-03-02
"63","18.8","24.9","14.1","1019.9","76","0","13.8","7.4","14.4","-","","","","",2016-03-03
"64","20","25.4","16.8","1017.6","83","0","10.8","6.7","14.4","-","","","","",2016-03-04
"65","20.6","24.5","18","1016.5","81","0","13.2","5.4","10.7","-","","","","",2016-03-05
"66","20.9","26.5","18","1015.3","85","0","15.1","9.4","14.4","-","","","","",2016-03-06
"67","20.6","24","18.5","1014.5","85","0","10.9","10.6","18","-","","","","",2016-03-07
"68","21.2","24.5","19","1011.7","88","9.65","10.5","7.4","14.4","-","o","","","",2016-03-08
"69","20.3","22.9","14","1013","93","6.6","7.6","7","25.2","-","o","","","",2016-03-09
"70","10.2","17.2","8","1022.3","83","1.52","15.3","20.2","32.4","-","o","","","",2016-03-10
"71","10.6","12.1","8.2","1022.5","72","1.52","15.4","13.9","21.7","-","","","","",2016-03-11
"72","13","14.7","10","1016.6","88","0","6.4","9.1","14.4","-","o","","","",2016-03-12
"73","14.9","18.3","13","1015.3","93","2.54","7.6","11.5","21.7","-","o","","","o",2016-03-13
"74","14.5","16","12.8","1018.9","78","1.02","11.7","11.5","25.2","-","o","","","",2016-03-14
"75","14.2","15.5","12.8","1016.5","81","0","10.3","8.7","14.4","-","o","","","",2016-03-15
"76","16.1","17","13.5","1014.6","89","0.51","7.1","6.7","10.7","-","o","","","",2016-03-16
"77","17.9","19","15.7","1013","94","0.51","8","6.7","10.7","-","o","","","o",2016-03-17
"78","20.4","24.6","17.7","1011.7","94","0","5.3","6.7","14.4","-","","","","o",2016-03-18
"79","21.9","27.3","19","1013.1","93","6.86","7.6","6.9","21.7","-","o","","o","",2016-03-19
"80","20.2","23","17.6","1013.8","82","0.25","11.4","19.8","32.4","39.6","o","","o","",2016-03-20
"81","18.4","21","16.7","1014","91","46.48","10.3","12.2","25.2","-","o","","o","",2016-03-21
"82","18.6","20","16.8","1012.5","91","2.29","9.7","11.3","21.7","-","o","","o","",2016-03-22
"83","18.9","22.5","16.3","1015.6","87","22.61","11.3","11.7","25.2","-","o","","","",2016-03-23
"84","14.1","17.7","11.4","1022","87","18.54","10.1","15.4","28.7","-","o","","","",2016-03-24
"85","13.9","17","11","1024.3","67","12.45","14","9.1","21.7","-","o","","","",2016-03-25
"86","16.9","22.1","11.4","1023.6","57","0","29.6","10","18","28.7","","","","",2016-03-26
"87","17.4","22","13.6","1024.2","47","0","27.7","9.3","21.7","-","","","","",2016-03-27
"88","17.5","21.1","14.2","1023.7","54","0","20.3","9.6","18","-","","","","",2016-03-28
"89","19.3","24","14.9","1020.5","63","-","14.3","7.4","14.4","-","o","","","",2016-03-29
"90","20.3","24.9","17.9","1017.6","85","0","4","5.7","14.4","-","","","","",2016-03-30
"91","21.6","26.9","19","1014.6","86","0","2.6","9.1","14.4","-","","","","o",2016-03-31
"92","22.2","26.9","20.5","1014.6","84","0","9.2","10.2","21.7","-","","","","",2016-04-01
"93","22.7","26.5","20","1015.2","84","0","9","9.8","18","-","","","","",2016-04-02
"94","23.2","27.8","20.6","1013.7","86","0","11.7","7","14.4","-","","","","",2016-04-03
"95","22.8","27.6","20","1012.6","88","29.72","11.9","11.5","25.2","-","o","","o","",2016-04-04
"96","23.6","26.4","20","1013.3","85","2.03","14","10.7","21.7","-","","","","",2016-04-05
"97","24.3","29.8","21.4","1012.6","83","0","16.1","8.5","21.7","-","","","","",2016-04-06
"98","25.2","28.9","22.5","1013.1","83","0","15.3","11.3","21.7","-","","","","",2016-04-07
"99","24.9","29.5","22.8","1012.9","88","0","14.3","11.7","21.7","-","","","","",2016-04-08
"100","24.7","27.4","23","1010.7","90","0","14.3","13.7","25.2","-","o","","","",2016-04-09
"101","22.2","24.7","21","1009.1","92","38.61","9.3","8.7","32.4","57.6","o","","o","",2016-04-10
"102","22.1","25","20","1010.2","88","9.4","13.7","12.2","21.7","-","o","","","",2016-04-11
"103","22.1","25","19.7","1007","92","17.27","11.9","14.6","32.4","-","o","","o","",2016-04-12
"104","22.4","24","20.2","1005.9","96","54.61","5.3","4.8","14.4","-","o","","o","",2016-04-13
"105","24.4","26","21.9","1009","95","4.83","6.4","9.4","21.7","-","o","","","",2016-04-14
"106","23.2","25","21.5","1010.9","90","0","10.3","16.1","28.7","-","o","","","",2016-04-15
"107","25.7","28.9","21.5","1010.6","89","0","12.7","13.9","35.9","-","","","","",2016-04-16
"108","24.9","29.5","20","1011.1","89","4.06","15.3","16.1","28.7","-","o","","o","",2016-04-17
"109","22.9","26.1","19","1015.5","76","11.18","15.8","12.8","28.7","-","o","","","",2016-04-18
"110","21.7","23","20.5","1016.7","80","4.57","17.1","14.3","25.2","-","o","","","",2016-04-19
"111","23.7","27","20.4","1013.5","88","0","10.5","9.8","21.7","-","o","","","",2016-04-20
"112","24.2","28.3","21.9","1011.8","91","0.25","11.1","5.6","10.7","-","o","","o","",2016-04-21
"113","22.9","25.3","20.5","1010.2","91","25.65","14.5","8.9","21.7","-","o","","o","",2016-04-22
"114","24.7","28.5","22","1008.1","91","1.52","16.6","8.3","18","-","o","","","",2016-04-23
"115","24.7","29","23","1008.8","91","2.29","14.2","10.9","25.2","-","o","","o","",2016-04-24
"116","26","29.4","23.5","1009.9","90","16","14.6","13.7","21.7","-","o","","","",2016-04-25
"117","26.1","29.6","23","1008.9","92","0.25","15","16.1","32.4","-","o","","o","",2016-04-26
"118","26.6","30.7","23.6","1008.3","85","2.79","8.7","8.1","14.4","-","o","","","",2016-04-27
"119","26.8","30","23.9","1011.4","69","1.27","23.3","9.8","18","-","","","","",2016-04-28
"120","24.8","28","22.5","1013.7","68","0","15.6","10.2","21.7","-","","","","",2016-04-29
"121","22.9","26","20.3","1011.6","81","17.53","8.5","10.6","18","-","o","","","",2016-04-30
"122","24.9","28","20.2","1010.9","85","18.03","12.9","11.5","21.7","-","o","","","",2016-05-01
"123","26.8","29.5","23.1","1010.6","88","0","15.6","12.2","21.7","-","o","","","",2016-05-02
"124","25.3","31","22.8","1011.4","89","19.05","10.6","9.8","18","-","o","","o","",2016-05-03
"125","27","30.4","22.7","1011.2","85","3.05","17.1","9.8","18","-","","","","",2016-05-04
"126","27.7","31.1","25.6","1010","89","0","16.3","15.4","25.2","-","","","","",2016-05-05
"127","27.3","30.9","23.7","1010","86","14.22","18.3","13.9","28.7","-","o","","o","",2016-05-06
"128","28.4","31.3","22.9","1010.8","84","13.97","24.1","12.4","25.2","-","","","","",2016-05-07
"129","28.3","31.1","26.5","1011.3","83","0","19.8","12.6","18","-","","","","",2016-05-08
"130","27.9","31.4","23","1009.1","86","-","16.3","16.9","28.7","-","o","","o","",2016-05-09
"131","24.5","27.3","22","1008.3","87","96.01","14.3","11.5","21.7","-","o","","o","",2016-05-10
"132","25.4","30.1","21.9","1008.8","73","36.58","18.7","12.6","21.7","-","","","","",2016-05-11
"133","26.3","29.8","22.7","1009.9","76","0","15.4","8.3","18","-","","","","",2016-05-12
"134","27","30","24.2","1012.9","73","0","24","12.2","21.7","-","","","","",2016-05-13
"135","27.2","30","24.4","1013.8","79","0","18","11.5","21.7","-","","","","",2016-05-14
"136","25.5","31.8","21","1011.8","81","3.81","14.5","13.9","35.9","-","o","","o","",2016-05-15
"137","25.6","29","20.9","1011.6","61","0.51","21.4","13","28.7","35.9","","","","",2016-05-16
"138","24.4","27","22.3","1012.2","75","0.25","15.8","10.7","21.7","-","o","","","",2016-05-17
"139","25.8","29","22.3","1011.6","72","0","17.2","10.9","18","-","","","","",2016-05-18
"140","26.6","29","23.5","1008.7","80","0","16.3","13","25.2","-","","","","",2016-05-19
"141","25.3","28","23.9","1006.3","92","151.38","7.7","11.1","21.7","-","o","","o","",2016-05-20
"142","26.4","30","23.8","1006.7","85","29.21","15.6","11.7","32.4","-","o","","","",2016-05-21
"143","27.8","31","24.1","1008.3","68","6.35","19.3","11.7","21.7","-","","","","",2016-05-22
"144","27.6","31.7","24.1","1008.5","79","0","12.4","9.4","18","-","","","","",2016-05-23
"145","27.7","32.2","24.9","1007.5","83","-","9.5","8.9","21.7","-","o","","","",2016-05-24
"146","28.3","31.6","25.8","1008","77","0","18.3","11.7","21.7","-","","","","",2016-05-25
"147","29.2","32","26","1007.1","76","0.25","16.7","14.8","25.2","28.7","o","","","",2016-05-26
"148","28.2","32","25","1006.3","83","3.56","14.2","21.3","43.2","53.9","o","","","",2016-05-27
"149","26.6","31.2","24.6","1007.7","93","14.73","13.8","10.4","25.2","-","o","","","",2016-05-28
"150","28.8","31.4","24.2","1007.9","89","-","14.5","14.6","28.7","-","o","","o","",2016-05-29
"151","29.2","32.3","27.3","1009.1","88","0","18.7","17.4","28.7","-","o","","","",2016-05-30
"152","29.4","31.6","27.9","1009.3","86","0","16.9","19.6","32.4","-","","","","",2016-05-31
"153","29.7","32.2","28","1007","87","0","23.3","20","28.7","-","","","","",2016-06-01
"154","30","32.3","28.1","1005.8","86","0","23.3","19.4","32.4","-","","","","",2016-06-02
"155","30.2","32.7","28.6","1006.4","86","0","17.5","20","32.4","-","","","","",2016-06-03
"156","27.6","33.3","25","1008.3","84","3.56","17.5","8.9","21.7","-","o","","o","",2016-06-04
"157","25.8","30.9","23.5","1009","89","24.38","17.2","8.1","18","-","o","","o","",2016-06-05
"158","26.7","29","23.5","1008.9","89","41.66","15.4","9.1","14.4","-","o","","","",2016-06-06
"159","28.2","32.7","24.5","1007.6","83","1.78","14.6","10.2","21.7","-","o","","","",2016-06-07
"160","27.9","31.7","24.3","1006","84","0.25","16.7","8.1","14.4","-","","","","",2016-06-08
"161","28.3","32.2","25.9","1005.9","83","3.81","18.5","8.9","25.2","-","o","","o","",2016-06-09
"162","28.6","33","25","1005.7","84","10.16","15.9","10.6","21.7","-","o","","o","",2016-06-10
"163","26.8","28","25.1","1005.7","94","49.78","14.6","16.1","32.4","-","o","","","",2016-06-11
"164","27.8","29","25.5","1005.5","96","8.38","11.4","15","28.7","-","o","","o","",2016-06-12
"165","29.4","31.5","26.8","1004.7","90","2.79","19.2","17.6","25.2","-","o","","","",2016-06-13
"166","29.2","31","28","1004.2","90","-","18.3","16.7","25.2","-","o","","","",2016-06-14
"167","29.5","31.8","27.1","1005.3","89","9.4","17.4","18.5","28.7","-","o","","","",2016-06-15
"168","27.8","30","26","1007.1","85","0.25","15.9","8.3","14.4","-","o","","o","",2016-06-16
"169","29.4","31.6","26.1","1008.7","85","11.68","18.8","15.9","25.2","-","","","","",2016-06-17
"170","29.5","32","27.4","1010.8","83","0.51","17.5","14.8","28.7","-","","","","",2016-06-18
"171","30","34","27.2","1009.6","78","0","20","11.1","21.7","-","","","","",2016-06-19
"172","30","33.4","27.6","1008.4","81","0","19.5","12.6","21.7","-","","","","",2016-06-20
"173","30.1","33.1","27.9","1009.5","80","0","20.6","13","21.7","-","","","","",2016-06-21
"174","29.6","32.9","27.5","1009.3","82","4.83","19.5","10.6","18","-","o","","","",2016-06-22
"175","30","33.4","27.3","1008.3","78","-","19.5","12","21.7","-","o","","","",2016-06-23
"176","30.5","34.8","27.8","1008.1","76","0","20","9.4","21.7","-","","","","",2016-06-24
"177","30.8","34.8","27.7","1009.1","76","0","20.6","9.6","21.7","-","","","","",2016-06-25
"178","30.9","34.6","28.6","1008.8","76","0","18.3","10.6","21.7","-","","","","",2016-06-26
"179","30.6","34.7","26.5","1006.8","77","2.29","16.4","9.1","18","-","o","","o","",2016-06-27
"180","28.5","31.4","25.7","1008.6","86","38.1","15.4","8.9","32.4","-","o","","o","",2016-06-28
"181","29.3","32.6","26.6","1010.3","83","2.29","17.4","14.3","39.6","-","o","","","",2016-06-29
"182","29.9","32.5","27.5","1009.8","79","2.29","17.1","16.1","28.7","-","o","","o","",2016-06-30
"183","30","32.7","27","1008.6","81","0","16.9","16.9","28.7","-","o","","o","",2016-07-01
"184","29.7","32.5","26.7","1009","83","1.78","17.2","18.9","28.7","-","o","","","",2016-07-02
"185","29.6","32.5","25.5","1007.9","82","6.6","16.9","16.3","28.7","-","","","","",2016-07-03
"186","29.1","32","26","1006.3","82","0.76","15.3","14.6","35.9","61.1","o","","o","",2016-07-04
"187","29.7","32.8","26.8","1008.1","79","0.51","16.7","12.6","28.7","-","o","","","",2016-07-05
"188","27.7","30.8","24.2","1008.1","88","59.69","15.1","6.7","14.4","-","o","","","",2016-07-06
"189","30.3","33.6","25.8","1005.1","78","25.15","19.3","10.2","21.7","-","o","","","",2016-07-07
"190","32.1","35.6","28.1","1000.2","75","0","13","9.1","21.7","-","","","","",2016-07-08
"191","30.7","36.7","24.9","999","77","24.64","13.4","15.7","35.9","-","o","","o","",2016-07-09
"192","29.1","31.3","24.8","1000.7","85","27.43","15","10","25.2","-","o","","o","",2016-07-10
"193","28.1","31","25.7","1002.7","88","9.65","16.9","8.9","18","-","o","","o","",2016-07-11
"194","27.6","28.9","25","1004.1","90","4.06","15.8","7.8","28.7","-","o","","o","",2016-07-12
"195","27.9","31.8","24.8","1005.5","89","45.97","16.3","8.1","18","-","o","","","",2016-07-13
"196","29.1","31","26.6","1007","89","7.87","17.2","11.9","21.7","-","o","","","",2016-07-14
"197","29.9","31.9","27.4","1007","88","5.08","20.6","17","28.7","-","o","","o","",2016-07-15
"198","30.3","32.3","28.5","1008.2","86","0","16.4","19.3","28.7","-","","","","",2016-07-16
"199","30.3","32.6","28.6","1008","84","0","16.7","18.1","28.7","-","","","","",2016-07-17
"200","29.7","32.3","27.2","1007.3","83","0.51","17.2","18.3","28.7","-","o","","","",2016-07-18
"201","29.4","32.2","26.8","1008.3","83","0","18.7","19.4","32.4","-","o","","","",2016-07-19
"202","29.4","32.2","26","1010","83","0","16.6","17.8","28.7","-","o","","","",2016-07-20
"203","29.8","32.6","27.1","1011.1","81","2.54","21.4","13.7","25.2","-","","","","",2016-07-21
"204","30.1","33.9","27.6","1009.7","80","0","18.8","13","25.2","-","","","","",2016-07-22
"205","30.2","33.4","27.7","1008.7","79","0","26.1","12.8","25.2","-","","","","",2016-07-23
"206","30.6","35.2","27.5","1008.3","73","0","26.1","11.3","25.2","-","","","","",2016-07-24
"207","30.7","35.3","27.6","1008.4","73","0","29.9","11.3","21.7","-","","","","",2016-07-25
"208","30.4","34","28","1008.3","75","2.54","18","13.1","25.2","-","o","","","",2016-07-26
"209","30.6","34.3","27.5","1009.4","75","0","17.2","13.7","25.2","-","","","","",2016-07-27
"210","30.5","33.7","27.4","1009.5","74","0","22.4","12.2","25.2","-","","","","",2016-07-28
"211","31.2","35.6","27.7","1008","74","0","29.9","11.3","21.7","-","","","","",2016-07-29
"212","29.4","35","26.7","1006.8","76","17.78","17.5","9.3","28.7","53.9","o","","","",2016-07-30
"213","30.8","34.5","24.9","1004.1","72","0","15.4","9.8","21.7","-","","","","",2016-07-31
"214","29.9","35","24.5","994.8","76","54.36","10","20.2","53.9","75.6","o","","o","",2016-08-01
"215","26.9","28","24.2","999.5","90","126.75","10.6","21.3","61.1","82.8","o","","o","",2016-08-02
"216","27.1","29","25","1007.3","89","24.38","20.1","10.7","21.7","-","o","","","",2016-08-03
"217","28.1","32","25.8","1009","86","0.76","17.2","9.4","21.7","-","o","","o","",2016-08-04
"218","29.9","33.3","26.1","1007.8","81","0","18.3","9.1","21.7","-","","","o","",2016-08-05
"219","30.6","34.5","27.2","1004","82","0","21.4","9.8","18","-","","","","",2016-08-06
"220","30.6","34","27.7","1002.8","85","0","19.3","13","25.2","-","","","","",2016-08-07
"221","30.8","33.7","28","1002.7","83","0","19.8","12.4","25.2","-","o","","","",2016-08-08
"222","29.6","33","26","1001.5","79","0","14.6","8","21.7","-","o","","o","",2016-08-09
"223","26.7","28.9","24.8","1003","89","116.33","12.9","5.7","10.7","-","o","","o","",2016-08-10
"224","28.6","30.4","25.7","1003.1","84","0.25","15.4","10","18","-","o","","","",2016-08-11
"225","28.1","30.4","26.5","1000.8","87","3.05","9.3","8.3","14.4","-","o","","","",2016-08-12
"226","28.8","32.3","26","999.4","83","18.03","17.2","9.3","18","-","o","","o","",2016-08-13
"227","27.7","31","25.4","998.1","85","11.94","15.3","11.5","21.7","-","o","","","",2016-08-14
"228","27.4","30.9","25.2","997.5","88","16.51","14.8","7.8","18","-","o","","","",2016-08-15
"229","27.1","30","25","995.8","89","11.68","13.7","12.6","25.2","-","o","","","",2016-08-16
"230","27.4","30","25.5","993.2","90","46.48","13.4","14.8","28.7","35.9","o","","","",2016-08-17
"231","27.9","31","25.6","998","86","8.89","16.3","15.4","28.7","-","o","","","",2016-08-18
"232","29.7","33","26.2","1004.1","82","0","16.7","10.6","21.7","-","o","","","",2016-08-19
"233","29.5","33.9","24.3","1004.2","85","36.32","13","9.6","18","25.2","o","","o","",2016-08-20
"234","28.2","30.8","23.4","1003.4","87","2.54","12.6","9.1","18","-","o","","","",2016-08-21
"235","29.9","33.8","26.3","1004.9","76","0","19.2","8.5","18","-","","","","",2016-08-22
"236","30.4","33","26.7","1004.3","75","0","15.4","8.9","18","-","","","","",2016-08-23
"237","30","33.2","27.6","1003.8","76","0","18.8","7.6","18","25.2","","","","",2016-08-24
"238","30.4","34.9","26.8","1004.3","77","0","12.9","11.5","25.2","-","","","","",2016-08-25
"239","29.6","34.4","26.5","1005.5","77","0.51","19.3","9.8","39.6","57.6","o","","o","",2016-08-26
"240","28.4","33.8","25","1006.7","84","21.08","7.9","8.3","18","-","o","","o","",2016-08-27
"241","28","31","24.9","1006.6","74","1.02","10.3","11.5","18","-","","","","",2016-08-28
"242","26.4","29","24.5","1008.1","73","0","13.7","10.4","18","-","","","","",2016-08-29
"243","28.3","31","24.3","1007.5","74","0","12.7","10.2","21.7","-","","","","",2016-08-30
"244","28.8","31.5","25.7","1005.7","83","0","16.3","11.1","25.2","-","","","","",2016-08-31
"245","29.1","31.4","26.7","1002.4","87","0.25","16.7","16.3","28.7","-","o","","","",2016-09-01
"246","28.1","31.1","26.5","1002","91","6.35","17.7","9.3","25.2","53.9","o","","o","",2016-09-02
"247","28.3","31.9","26.4","1003.4","87","4.06","8.7","7.2","14.4","-","o","","","",2016-09-03
"248","28.1","31","26","1005.5","84","0","10","8.9","21.7","-","o","","","",2016-09-04
"249","27.4","30","25.6","1006.4","87","30.73","10.8","8.9","18","-","o","","","",2016-09-05
"250","27.4","30","25.3","1006.8","88","30.23","14.2","9.3","18","-","o","","","",2016-09-06
"251","27.5","29.1","25.6","1007.5","89","0","15.9","10.6","21.7","-","o","","","",2016-09-07
"252","27.5","29","26","1008.2","90","0.51","15","10.4","18","-","o","","o","",2016-09-08
"253","27.4","29","25.3","1008.2","90","5.59","16.3","11.3","25.2","-","o","","","",2016-09-09
"254","26.2","29.3","25","1007.8","93","15.75","17.4","6.5","21.7","-","o","","","",2016-09-10
"255","27.9","33","25","1009","85","6.1","14","6.7","14.4","-","o","","","",2016-09-11
"256","29.2","33","25.2","1010.7","78","0","17.1","7.6","14.4","-","o","","","",2016-09-12
"257","28.6","31.6","26","1009.3","82","0","14.2","8.7","18","-","","","","",2016-09-13
"258","30.1","33","26","1003.6","63","0","27.5","17.2","28.7","-","","","","",2016-09-14
"259","29.8","34","26.9","1003.8","67","0","22.4","13","21.7","-","","","","",2016-09-15
"260","30","33","26.1","1005.2","65","0","19.5","10.4","25.2","-","","","","",2016-09-16
"261","29.6","35","24.8","1006.5","60","0","23.3","15.9","25.2","-","","","","",2016-09-17
"262","29.1","32","24.7","1007.3","64","0","21.4","11.3","21.7","-","","","","",2016-09-18
"263","27.5","33","22.8","1009.4","74","27.43","9.8","11.9","28.7","32.4","o","","","",2016-09-19
"264","26.6","30","22.3","1013.3","76","11.43","8","9.1","18","-","o","","","",2016-09-20
"265","28.6","32","24.2","1014.4","66","2.29","19","10.6","21.7","-","","","","",2016-09-21
"266","27.9","31","25.1","1013.2","71","0","20","9.8","18","-","","","","",2016-09-22
"267","28.2","31","25.6","1011.5","73","0","22.4","10.4","18","-","","","","",2016-09-23
"268","28.7","33","25.7","1010.3","72","0","17.1","9.4","21.7","-","","","","",2016-09-24
"269","28.8","32","25.8","1009.6","77","0","10.1","9.4","18","-","","","","",2016-09-25
"270","29.2","32.6","26.2","1006.8","85","0","4.8","8.3","25.2","-","","","","",2016-09-26
"271","32","36","27.1","1001.7","59","0","10","15.9","28.7","-","","","","",2016-09-27
"272","29.6","33","26","1000.2","60","0","19","21.7","32.4","-","","","","",2016-09-28
"273","23.8","28","22","1006","74","0","18.2","14.4","25.2","-","o","","","",2016-09-29
"274","22.9","27","22","1008.8","87","0","6.8","12.6","21.7","-","o","","","",2016-09-30
"275","26.1","29.7","23","1010.2","87","4.83","9","9.3","18","-","o","","","",2016-10-01
"276","27.8","32","24.9","1008.8","81","1.27","16.6","6.7","18","-","","","","",2016-10-02
"277","28.5","31.8","25.5","1008","77","0","17.5","9.1","18","28.7","","","","",2016-10-03
"278","27.9","31.5","25.6","1008.3","80","14.48","15.3","8.3","18","-","o","","","",2016-10-04
"279","27.7","32","25","1009.4","78","3.81","12.6","11.3","28.7","32.4","o","","","",2016-10-05
"280","29.3","32","25.2","1008.8","69","0","15.9","12.2","18","43.2","o","","","",2016-10-06
"281","28.8","32","25.5","1007.2","71","0","16.4","13.3","21.7","-","","","","",2016-10-07
"282","27.8","30","25.1","1007.8","67","0","16.1","18","25.2","-","","","","",2016-10-08
"283","25.2","29","22.9","1010","69","0","16.1","16.9","25.2","-","","","","",2016-10-09
"284","25.2","29","21.5","1010.7","65","0","15.6","17","25.2","-","","","","",2016-10-10
"285","23.7","27","21","1011.7","78","1.52","15","17.6","25.2","-","o","","","",2016-10-11
"286","23.9","26","21.1","1013.5","79","1.02","16.6","16.9","21.7","-","","","","",2016-10-12
"287","26.3","30","22.7","1013.7","70","0","20","13.5","21.7","-","","","","",2016-10-13
"288","26.9","32","23.4","1013.2","68","0","16.7","10.6","18","-","","","","",2016-10-14
"289","27.4","30","22.5","1012.6","65","0","16.1","12.2","21.7","-","","","","",2016-10-15
"290","28.7","33","24.5","1010.7","64","0","19","15.4","25.2","-","","","","",2016-10-16
"291","26.8","31","24.1","1009","79","9.4","12.1","13.5","25.2","39.6","o","","","",2016-10-17
"292","24.8","26","23.7","1008.5","95","135.89","8.9","15.6","28.7","-","o","","","",2016-10-18
"293","25.4","27","23.7","1008.3","94","86.87","8.4","10","25.2","-","o","","","",2016-10-19
"294","27.5","30","23.9","1002.9","80","83.31","15.6","14.6","32.4","-","o","","","",2016-10-20
"295","26.4","28","24.4","999.1","90","84.07","6.8","24.8","57.6","75.6","o","","","",2016-10-21
"296","26.8","30.3","24.3","1008.6","89","82.3","13.5","11.9","21.7","-","","","","",2016-10-22
"297","27.6","31.4","24.7","1010.3","85","0","12.2","6.3","14.4","-","","","","",2016-10-23
"298","27.7","30.9","25.3","1011.7","85","9.65","17.2","8.5","21.7","-","","","","",2016-10-24
"299","27.5","30","25","1013.7","83","0.51","17.5","8.9","21.7","-","","","","",2016-10-25
"300","27.5","31.2","24.3","1015.9","80","0","17.9","7.2","14.4","-","","","","",2016-10-26
"301","28.1","32.6","24.2","1015.8","78","0","19.8","7.6","14.4","-","","","","",2016-10-27
"302","28.2","32.4","24.5","1015.1","80","0","16.1","8.3","14.4","-","","","","",2016-10-28
"303","25.2","30","21","1018.7","72","0.51","13.5","18.5","28.7","-","o","","","",2016-10-29
"304","23.2","26.5","20.5","1020.4","70","0","15","14.4","25.2","-","","","","",2016-10-30
"305","24.9","29","21","1019.5","66","0","22.7","15.7","25.2","-","","","","",2016-10-31
"306","23.1","27","20","1020.6","65","0","17.9","18.5","32.4","-","","","","",2016-11-01
"307","21.2","26","18","1020.9","65","0","17.9","20.7","28.7","-","","","","",2016-11-02
"308","21.1","25","17.6","1019","59","0","28.3","15.7","21.7","-","","","","",2016-11-03
"309","21.9","25.8","17.2","1014.5","67","0","9.5","7.6","14.4","-","","","","",2016-11-04
"310","23.9","28.4","19.2","1013.2","77","0","8.5","8.7","14.4","-","","","","",2016-11-05
"311","24.1","28","20.8","1015.8","76","0","10.5","8.5","18","-","","","","",2016-11-06
"312","25.6","29.4","21","1016.5","79","0","13","9.1","14.4","-","","","","",2016-11-07
"313","22.8","30","17.1","1018.6","67","0.25","12.2","17","25.2","-","o","","","",2016-11-08
"314","17.2","20.2","14","1020.6","79","0.25","13.2","15.6","21.7","-","o","","","",2016-11-09
"315","14.7","16","14","1021.1","84","4.57","12.9","14.6","21.7","-","o","","","",2016-11-10
"316","-","-","-","-","-","-","-","-","-","-","-","-","-","-",2016-11-11
"317","23.8","28.2","17.7","1017.6","78","0","11.1","7.8","14.4","-","","","","",2016-11-12
"318","24.8","28.7","22","1016.4","81","0","11.4","8","18","-","","","","",2016-11-13
"319","25.8","30.1","21.8","1015.4","77","0","8.9","6.9","10.7","-","","","","",2016-11-14
"320","25.9","31.6","22.1","1016.1","77","0","8.4","9.6","21.7","-","","","","",2016-11-15
"321","25.1","29","21.8","1017.2","76","0","9.7","10.4","21.7","-","","","","",2016-11-16
"322","24.8","28.6","21.7","1016","76","0","6.3","7.2","14.4","-","","","","",2016-11-17
"323","25.4","28.3","21.9","1013.8","79","0.51","6.8","7","14.4","-","o","","","",2016-11-18
"324","26.7","30","23.6","1013.2","70","0","15.8","9.1","21.7","-","o","","","",2016-11-19
"325","26.4","30","24.2","1012.7","71","0","18.7","11.1","21.7","32.4","","","","",2016-11-20
"326","25.2","28","23","1012.5","81","0.51","16.1","9.6","18","-","o","","","",2016-11-21
"327","21.8","24.1","20.6","1014","95","45.97","8.5","12.2","21.7","-","o","","","",2016-11-22
"328","16.4","22","11","1018.6","84","24.38","14","20.7","28.7","39.6","o","","","",2016-11-23
"329","14.7","18","12","1019","73","0.25","15.4","17.8","28.7","-","o","","","",2016-11-24
"330","17.2","20.3","13.3","1016.7","75","0.25","16.4","14.3","21.7","-","","","","",2016-11-25
"331","13.1","17.6","10.7","1018","86","20.57","11.1","19.8","28.7","-","o","","","",2016-11-26
"332","16.4","20","10.7","1018.7","65","16","19.5","16.7","32.4","-","","","","",2016-11-27
"333","17.8","21","13.9","1021.8","54","0","23","13.7","25.2","-","","","","",2016-11-28
"334","17.3","19.3","16","1023.1","63","0","13.8","12.8","21.7","-","o","","","",2016-11-29
"335","18.6","23","14.6","1022.9","60","0","12.2","13.9","25.2","-","","","","",2016-11-30
"336","18.9","23.1","14.4","1022.8","59","0","9","13.5","21.7","-","","","","",2016-12-01
"337","19.9","24","16.8","1022.6","63","0","8.4","10.6","18","-","","","","",2016-12-02
"338","20.7","23","18.1","1020.5","66","0","8.4","9.1","18","-","","","","",2016-12-03
"339","21.9","25.9","19.1","1017.7","77","0","5.8","8","18","-","","","","",2016-12-04
"340","23.4","27.9","19","1018.9","57","0","11.4","14.3","28.7","39.6","","","","",2016-12-05
"341","19.2","23","17","1021.1","47","0","20.4","15.6","25.2","-","","","","",2016-12-06
"342","19.1","24","15","1018.8","47","0","10.9","10.9","21.7","-","","","","",2016-12-07
"343","18.3","23","14","1016.1","48","0","9.7","9.1","21.7","-","","","","",2016-12-08
"344","19.3","23.8","14.9","1015.9","57","0","8.9","7.8","14.4","-","","","","",2016-12-09
"345","21.6","26","16.3","1016.6","61","0","10.8","8.5","18","-","","","","",2016-12-10
"346","20.1","23.6","17.7","1016.1","72","0","13.7","12.2","21.7","35.9","","","","",2016-12-11
"347","22.1","26","17.8","1014.9","70","0","21.2","8.5","25.2","-","","","","",2016-12-12
"348","22.7","27","18.4","1015.4","67","0","12.1","12.6","25.2","43.2","","","","",2016-12-13
"349","18.9","24","14","1019.8","57","0","21.6","20.4","28.7","-","","","","",2016-12-14
"350","15.7","21","11","1024.2","51","0","27.2","19.4","32.4","39.6","","","","",2016-12-15
"351","14.1","18","10.7","1025.8","49","0","23.7","12.4","28.7","39.6","","","","",2016-12-16
"352","17.2","19","11.3","1023","55","0","14.5","8","14.4","-","","","","",2016-12-17
"353","19.5","25","16.1","1020.7","71","0","11.6","9.3","18","-","","","","",2016-12-18
"354","21.2","26.2","17","1017.9","69","0","19.2","5.9","14.4","-","","","","",2016-12-19
"355","22.4","26","19.5","1017.1","70","0","15.4","6.7","18","-","","","","",2016-12-20
"356","21.8","25","20","1017","87","1.78","6.1","8.7","18","-","o","","","",2016-12-21
"357","19.8","25","16","1018","66","0","16.4","17.4","25.2","-","","","","",2016-12-22
"358","19","23","15.6","1019.5","68","0.76","11.9","11.7","21.7","-","","","","",2016-12-23
"359","16.8","18","14.9","1019.2","83","2.29","9.2","9.1","14.4","32.4","o","","","",2016-12-24
"360","19.7","21","16.4","1018.2","79","1.02","9.5","6.9","14.4","-","","","","",2016-12-25
"361","20.1","25.9","15","1017.9","73","0","10.3","15.7","32.4","-","","","","",2016-12-26
"362","13.2","18","9","1022.5","53","0","22.2","26.3","39.6","-","","","","",2016-12-27
"363","13.9","16","9.2","1023.8","48","0","24.3","16.5","25.2","-","","","","",2016-12-28
"364","14.8","17","12","1024.8","41","0","25.7","15.7","25.2","-","","","","",2016-12-29
"365","16.3","20","12.7","1024.5","48","0","15.9","10.6","28.7","-","","","","",2016-12-30
"366","-","-","-","-","-","-","-","-","-","-","-","-","-","-",2016-12-31
"367","19.3","23.9","16.4","1021.4","78","0","11.9","7.4","14.4","-","","","","",2017-01-01
"368","20.1","26","16.8","1020","79","0","5.3","8","14.4","-","","","","",2017-01-02
"369","20.2","24.5","17.2","1019.5","81","0","9.3","8.3","18","-","","","","",2017-01-03
"370","20.6","25.7","17.8","1018.2","77","0","13.2","5.4","14.4","-","","","","",2017-01-04
"371","21","25.3","17","1016.2","80","0","6.6","5.9","14.4","-","","","","",2017-01-05
"372","21.8","27.1","18.4","1014.8","78","0","7.2","9.3","21.7","-","","","","",2017-01-06
"373","21.8","26.9","19.4","1013.4","80","0","9.5","5.9","14.4","-","","","","",2017-01-07
"374","22.2","27","18","1014.1","68","0","9.5","12.4","21.7","-","","","","",2017-01-08
"375","20.6","25","17.8","1016.8","69","0","11.1","10.6","21.7","-","","","","",2017-01-09
"376","20","23.1","17.8","1018.3","74","0","9.5","9.4","18","-","","","","",2017-01-10
"377","19.5","22","17.4","1017.6","74","0","4.8","9.4","18","-","o","","","",2017-01-11
"378","15.2","18.6","12","1016","79","0","9.3","15.9","25.2","-","o","","","",2017-01-12
"379","13.2","15.5","12","1017","83","0","13","14.6","25.2","-","o","","","",2017-01-13
"380","13.6","15","11.6","1019.4","83","0.51","12.4","13.7","21.7","-","o","","","",2017-01-14
"381","13.5","14.4","12","1021.2","84","2.54","10.9","13","18","-","o","","","",2017-01-15
"382","14.9","16.6","12","1020.8","81","0.25","10.5","10.4","18","-","o","","","",2017-01-16
"383","17.8","20.6","15","1021.3","76","0","12.2","9.3","18","-","","","","",2017-01-17
"384","19.1","21","17","1021.3","82","0","6.9","7.2","14.4","-","o","","","",2017-01-18
"385","18.9","23.8","14","1020.7","79","0","8.9","14.6","28.7","-","","","","",2017-01-19
"386","15.8","21.1","13","1024","56","0","17.4","19.3","25.2","-","","","","",2017-01-20
"387","15.9","20.4","12","1026","50","0","11.7","13","21.7","-","","","","",2017-01-21
"388","15.7","21.1","12.1","1026.1","49","0","16.3","11.1","21.7","-","","","","",2017-01-22
"389","16.6","22.4","12.7","1025.6","58","0","15.8","10.6","18","-","","","","",2017-01-23
"390","17.6","22","14.5","1025.6","65","0","20.6","8.5","18","-","","","","",2017-01-24
"391","17.9","24","14","1025.2","68","0","19.3","9.8","18","-","","","","",2017-01-25
"392","16.6","22.2","13","1024.1","64","0","19.3","10.6","21.7","-","","","","",2017-01-26
"393","16.7","23.8","12.3","1021.6","64","0","22.7","6.5","14.4","-","","","","",2017-01-27
"394","17.7","21","15","1017.5","77","0.51","11.6","7.8","18","-","o","","","",2017-01-28
"395","19.4","23.2","15.4","1017","89","0.51","5.8","6.3","18","-","o","","","",2017-01-29
"396","19.5","24.5","15.5","1018.9","79","0.51","10.6","11.9","21.7","-","o","","","",2017-01-30
"397","16.6","18.3","14.8","1020.8","71","0","15.6","10.9","18","-","","","","",2017-01-31
"398","19.6","24.2","15.8","1021.9","64","0","24.1","11.3","18","-","","","","",2017-02-01
"399","17.3","20","15.4","1022.4","72","0","13.8","12.4","25.2","-","","","","",2017-02-02
"400","17.9","21.2","14.9","1019.5","71","0","18","8.3","14.4","-","","","","",2017-02-03
"401","18.7","24.6","15.5","1014.9","81","4.32","9.2","10.4","28.7","-","o","","","",2017-02-04
"402","20.6","23","16.3","1013.8","77","3.05","6","10.7","21.7","-","","","","",2017-02-05
"403","19.2","23.3","16","1016","69","-","10.3","11.9","21.7","-","o","","","",2017-02-06
"404","18.3","22","15.7","1016.7","62","0","13.4","13.3","21.7","-","","","","",2017-02-07
"405","15.7","21.4","10","1018.1","74","0.25","13.8","16.5","28.7","46.9","o","","","",2017-02-08
"406","11.6","16","8.8","1021.8","49","0","21.4","21.5","32.4","-","","","","",2017-02-09
"407","11.6","14.1","8.6","1024.7","43","0","11.4","18.5","25.2","-","","","","",2017-02-10
"408","13.3","18.4","9.1","1026.8","49","0","13.4","9.8","21.7","-","","","","",2017-02-11
"409","14.5","19.8","10","1026.6","55","0","15.3","8.3","18","-","","","","",2017-02-12
"410","16.2","21.6","10.9","1027.5","57","0","24.8","9.8","18","-","","","","",2017-02-13
"411","17.5","23.7","13","1028","52","0","22.4","9.6","21.7","-","","","","",2017-02-14
"412","17.6","24","14","1024.8","57","0","27.4","8.5","14.4","-","","","","",2017-02-15
"413","18.4","25","14.5","1020.9","72","0","26.6","7.2","14.4","-","","","","",2017-02-16
"414","20.1","26.8","14.8","1021","70","0","20.6","8","18","-","","","","",2017-02-17
"415","20","27.6","16.5","1020.8","71","0","11.9","11.3","21.7","-","","","","",2017-02-18
"416","18.7","20","15.7","1016.2","80","1.27","8","6.7","14.4","-","o","","","",2017-02-19
"417","21.3","27.1","17.2","1014.3","83","0.51","9.3","10.4","14.4","-","","","","",2017-02-20
"418","19.9","25","16.9","1016.8","81","17.02","11.6","13.1","25.2","-","o","","","",2017-02-21
"419","20.3","25.5","16","1014.9","89","0.76","10.8","9.1","21.7","-","o","","","o",2017-02-22
"420","13.2","20.2","10","1019.8","83","0.76","7.6","17.8","25.2","-","o","","","o",2017-02-23
"421","9.9","11","8.5","1023.2","82","0.76","11.1","16.9","25.2","-","o","","","",2017-02-24
"422","10","12","8.3","1021.8","86","3.81","9.2","14.3","25.2","-","o","","","",2017-02-25
"423","14.9","18","8.9","1021.9","67","3.3","16.4","9.1","21.7","-","","","","",2017-02-26
"424","16.9","20.6","14.1","1022.4","60","0","19","9.6","18","-","o","","","",2017-02-27
"425","17.9","22.3","13.8","1020.1","58","0","11.9","7","14.4","-","","","","",2017-02-28
"426","18.6","22.7","15","1019.7","58","0","8.9","11.3","21.7","-","","","","",2017-03-01
"427","18.6","24","14","1019.1","35","0","24.1","12.6","32.4","-","","","","",2017-03-02
"428","18.2","22.2","14.4","1016","55","0","22.5","8.7","18","-","","","","",2017-03-03
"429","19.8","25.3","16.3","1013.2","73","0","12.6","9.1","18","-","","","","",2017-03-04
"430","20.8","24.9","18.1","1012.1","87","0","7.7","6.7","14.4","-","","","","",2017-03-05
"431","19.3","23.6","16","1014.8","68","-","14.2","12.6","25.2","43.2","o","","","",2017-03-06
"432","16.4","20.3","14","1017","80","0.51","8.5","12.6","21.7","-","o","","","",2017-03-07
"433","15.5","17.3","13.5","1017.9","78","5.59","9.7","11.5","21.7","-","o","","","",2017-03-08
"434","16.7","18.7","14.4","1014.5","78","5.59","5.6","8.7","21.7","-","o","","","",2017-03-09
"435","18.6","21.5","15.8","1012.3","92","0.76","4","8.1","18","-","o","","","o",2017-03-10
"436","18.7","20","17.4","1015.2","84","0","13.5","10.4","18","-","o","","","",2017-03-11
"437","19.9","22","17.9","1013.3","89","0","9.7","6.7","18","-","","","","",2017-03-12
"438","22.2","27.4","19.3","1011.6","88","0","8.7","7.4","18","-","","","","",2017-03-13
"439","17.4","23","15","1017.4","83","0","12.2","13","25.2","39.6","o","","","",2017-03-14
"440","17.7","20","15","1017.7","67","0","15.6","11.7","25.2","-","o","","","",2017-03-15
"441","18.8","20","16.5","1016.5","76","0","10.5","7.6","10.7","25.2","","","","",2017-03-16
"442","19.9","23","17.2","1017.3","81","0","10.3","8.5","21.7","-","","","","",2017-03-17
"443","21.2","24","17.9","1017.1","86","0.25","8.4","9.4","21.7","-","o","","","",2017-03-18
"444","20.9","23","19.2","1016.8","92","23.62","7.6","9.8","21.7","-","o","","","",2017-03-19
"445","22.8","29.9","19.1","1014.6","85","21.08","9","7.4","14.4","-","","","","",2017-03-20
"446","22.4","29.3","18.4","1014.4","84","0","8.5","14.3","28.7","-","o","","","",2017-03-21
"447","19.8","21","18","1014","88","3.05","6.4","10.2","21.7","-","o","","","",2017-03-22
"448","22.3","25.2","18.7","1015.2","81","0","10.1","9.6","18","-","","","","",2017-03-23
"449","22.5","26","19.9","1015.7","78","0","15.1","10.6","28.7","-","","","","",2017-03-24
"450","16.8","23","13","1018.9","80","0.25","13.7","17.4","28.7","-","o","","","",2017-03-25
"451","14.7","16","12.2","1023.4","67","1.27","21.6","9.8","25.2","35.9","o","","","",2017-03-26
"452","20.3","25","14.1","1022.1","44","1.02","22.4","10.2","18","28.7","","","","",2017-03-27
"453","21.9","26","16.8","1018.4","71","0","13","10.6","25.2","-","","","","",2017-03-28
"454","23.7","28","19.9","1018.1","78","0","10.1","12.8","25.2","-","","","","",2017-03-29
"455","23.3","27.1","21.4","1015.8","85","-","7.9","10.2","18","-","o","","","",2017-03-30
"456","17.4","23.3","14","1017","87","20.57","11.6","16.5","28.7","32.4","o","","o","",2017-03-31
"457","19.5","25","14.6","1020.5","58","1.02","26.4","10.6","28.7","-","","","","",2017-04-01
"458","20.2","24.7","15.4","1021.4","52","0","23.5","11.9","21.7","-","","","","",2017-04-02
"459","20.7","25","16.3","1020.4","63","0","22","10.6","21.7","-","","","","",2017-04-03
"460","22.3","26.5","18","1017.6","71","0","15.1","11.7","21.7","-","","","","",2017-04-04
"461","23.7","26.6","19.4","1013.8","78","0","13.8","9.3","18","-","","","","",2017-04-05
"462","22.9","26.2","22","1012.4","91","1.02","8.7","5.6","14.4","-","o","","","",2017-04-06
"463","24","28.8","21.3","1012.4","85","0","13.7","7.6","21.7","-","","","","",2017-04-07
"464","24.6","28.4","22.4","1011.6","84","0","14.2","9.6","25.2","-","","","","",2017-04-08
"465","26","29.3","22.9","1008.4","85","0","15.6","16.9","28.7","-","","","","",2017-04-09
"466","25.8","28.5","24.9","1006.1","90","0","14.2","17.2","28.7","-","","","","",2017-04-10
"467","23.3","28.2","18","1008.9","90","2.79","9.5","14.8","25.2","-","o","","","",2017-04-11
"468","18.6","20.5","17.1","1015.4","77","7.37","14","14.3","21.7","-","o","","","",2017-04-12
"469","19.4","20.6","17.1","1017.5","77","0","9.3","8.1","14.4","-","","","","",2017-04-13
"470","22.2","24.5","19","1014.4","79","0","10","5.2","14.4","-","","","","",2017-04-14
"471","24.6","29.7","20.8","1013.2","83","0","11.7","9.1","18","-","","","","",2017-04-15
"472","25","30.9","22.5","1013.2","84","0","14.5","10.2","18","-","","","","",2017-04-16
"473","25.6","30.6","22.7","1010","85","0","13.4","11.3","21.7","-","","","","",2017-04-17
"474","26.4","32.2","23.4","1008.7","82","0","9.5","12.4","18","-","","","","",2017-04-18
"475","26.5","29.8","23.9","1009.3","84","0.25","18.3","14.1","25.2","-","o","","","",2017-04-19
"476","26.5","29.7","24.8","1009.4","86","0.25","16.7","13.7","28.7","-","o","","","",2017-04-20
"477","23.9","29.6","19","1008.9","83","23.88","14.6","18.1","28.7","-","o","","o","",2017-04-21
"478","19.9","22","16.9","1014.1","71","1.27","15.1","10.6","21.7","-","o","","","",2017-04-22
"479","20.3","22","18.9","1014.8","81","3.3","10.5","6.9","14.4","-","o","","","",2017-04-23
"480","21.8","24","18.7","1013.8","82","2.03","8.5","9.8","18","-","o","","","",2017-04-24
"481","23.2","25","19.5","1011.6","90","19.81","5.6","10.6","28.7","-","o","","","",2017-04-25
"482","24.4","28.2","21.7","1010.6","93","1.02","5.5","7.6","21.7","-","o","","o","",2017-04-26
"483","20.8","23.8","18","1014.3","77","0.51","15.4","14.1","21.7","-","o","","","",2017-04-27
"484","22.3","26","18.6","1015","69","0","15.1","8.9","21.7","-","","","","",2017-04-28
"485","23.2","28.3","18.3","1014.1","73","0","8.7","11.7","25.2","-","","","","",2017-04-29
"486","24.1","28","19.7","1013","73","0","19.5","11.5","25.2","-","","","","",2017-04-30
"487","25.7","29.7","21.7","1012.3","75","0","20","11.1","21.7","-","","","","",2017-05-01
"488","27","30.2","23.6","1011.6","81","0","11.4","10.6","18","-","","","","",2017-05-02
"489","27.4","31.3","25.4","1011.2","82","0","13","14.8","25.2","-","","","","",2017-05-03
"490","23.6","27.3","22","1012.5","94","42.67","7.2","6.3","18","-","o","","o","",2017-05-04
"491","26.6","29.9","22.6","1014.4","84","0","4.3","6.9","14.4","-","","","","",2017-05-05
"492","28.3","33.1","24.6","1014.6","76","0","7.9","9.8","18","-","","","","",2017-05-06
"493","26.4","29.5","23.8","1013.9","77","0","16.9","13.9","21.7","-","","","","",2017-05-07
"494","25.8","29.9","21","1011.3","83","23.88","11.7","10.6","21.7","-","o","","o","",2017-05-08
"495","26.6","29.4","21.4","1012.8","83","1.02","4.5","6.5","14.4","-","","","","o",2017-05-09
"496","27.1","30.3","24.8","1014","83","0","5","7.8","14.4","-","","","","o",2017-05-10
"497","27.6","32.1","24.5","1013.1","80","0","15.8","9.8","21.7","-","","","","",2017-05-11
"498","27.5","31.3","25.3","1010.4","74","0","16.3","8.5","21.7","-","","","","",2017-05-12
"499","24.7","27","23.2","1010.6","89","13.46","8.5","6.1","21.7","-","o","","","",2017-05-13
"500","27.3","30.7","23","1009.9","82","0.25","11.1","8.3","21.7","-","o","","","",2017-05-14
"501","25.2","28","23","1007.9","91","71.12","13.8","12.2","25.2","-","o","","","",2017-05-15
"502","25.3","29","22","1008.3","73","1.02","20.4","11.5","25.2","-","","","","",2017-05-16
"503","26.5","30","22","1010.3","71","0","15","9.8","18","-","","","","",2017-05-17
"504","25.6","29","22.9","1012.1","72","2.29","20.6","9.1","18","-","o","","","",2017-05-18
"505","24.6","28","22","1010.6","75","0.25","14.3","10.6","18","-","o","","","",2017-05-19
"506","24.8","26","22","1008.2","84","0","15.9","7.6","18","28.7","o","","","",2017-05-20
"507","25.7","29","23.2","1007.5","79","0","15.8","12.6","21.7","-","o","","","",2017-05-21
"508","26.4","29","24.2","1008","82","0","15.9","12.4","25.2","-","o","","","",2017-05-22
"509","28.1","31.7","24.5","1007.2","85","0","13.8","10.2","21.7","-","o","","","",2017-05-23
"510","24.6","27","23","1007.8","90","71.88","8.2","11.1","25.2","-","o","","o","",2017-05-24
"511","26.5","29","22.8","1009.3","67","53.85","17.1","10.2","21.7","-","","","","",2017-05-25
"512","25.6","28","23.1","1010.4","66","0","14.8","9.3","18","35.9","o","","","",2017-05-26
"513","26.7","31.7","23","1009.9","64","0","22.7","10","18","-","","","","",2017-05-27
"514","27","32.2","23.5","1009.6","66","0","19.6","12.2","21.7","-","","","","",2017-05-28
"515","27.3","32.1","24.1","1009.6","68","0","23.3","10.6","21.7","-","","","","",2017-05-29
"516","27.3","30.6","24.7","1009","82","0","17.5","9.8","18","-","o","","","",2017-05-30
"517","28.6","32.2","24.6","1005.5","84","0","19.5","15.4","28.7","-","","","","",2017-05-31
"518","28.9","30.4","27.1","1002.6","91","-","17.2","22.4","32.4","-","o","","","",2017-06-01
"519","29.3","31","28","1002.4","90","0","17.2","22.2","32.4","-","","","","",2017-06-02
"520","30.1","33.2","28.2","1002.5","87","0","16.3","19.3","35.9","-","","","","",2017-06-03
"521","29.7","31","28","1004.1","86","2.79","17.1","16.9","32.4","-","o","","","",2017-06-04
"522","30.5","33.4","27.9","1006.7","78","0","19.5","16.3","28.7","-","","","","",2017-06-05
"523","30.3","34.1","26","1009.4","78","0.51","20.6","13.3","28.7","-","","","","",2017-06-06
"524","30.2","34.4","26.9","1009.8","77","3.3","20.6","12.2","25.2","-","","","","",2017-06-07
"525","30.3","34.7","27.7","1009.6","75","0","18.3","12.2","25.2","-","","","","",2017-06-08
"526","29.9","33.2","27.8","1008.9","77","0","18","12.4","25.2","-","","","","",2017-06-09
"527","29.9","34.5","27.7","1007.9","79","0","18.8","11.5","21.7","-","","","","",2017-06-10
"528","30.4","34.2","27.4","1006.4","75","0","18.3","12","28.7","-","","","","",2017-06-11
"529","28.1","31.5","25.2","1002","83","45.97","13.4","20.9","43.2","50.4","o","","","",2017-06-12
"530","27.7","29","24.5","1007.5","91","131.32","13.5","18.3","32.4","-","o","","","",2017-06-13
"531","28.1","30","23.8","1008.7","91","13.97","15","11.7","21.7","-","o","","","",2017-06-14
"532","29.1","31","26.9","1006.9","88","37.34","15.6","19.6","32.4","-","o","","o","",2017-06-15
"533","27.9","31","24.9","1004.6","91","8.38","15","13.9","28.7","-","o","","","",2017-06-16
"534","25.3","26","24.2","1004","95","117.6","6.4","6.9","14.4","-","o","","","",2017-06-17
"535","26.7","28","24.1","1005","91","11.94","14.2","11.3","28.7","-","o","","","",2017-06-18
"536","26.8","30","25.2","1005.4","91","16","15.6","10.4","32.4","-","o","","","",2017-06-19
"537","27.1","28","25","1005.1","92","30.23","15.6","13.7","32.4","-","o","","o","",2017-06-20
"538","28.3","30","25.2","1005.8","91","11.94","15","16.9","28.7","-","o","","","",2017-06-21
"539","29.1","32.2","26.7","1008.2","85","0.25","20","14.3","25.2","-","","","","",2017-06-22
"540","29.4","32","26.8","1007.2","84","3.3","16.4","14.4","25.2","-","o","","","",2017-06-23
"541","28.9","31.2","26.6","1006.3","87","2.03","17.5","15.6","32.4","-","o","","","",2017-06-24
"542","29.4","32","26.6","1007.2","85","1.52","18.3","17.8","28.7","-","o","","","",2017-06-25
"543","29.8","32","28.1","1008.3","85","0","17.1","19.4","28.7","-","o","","","",2017-06-26
"544","29.4","31.1","27.4","1009.8","85","-","19.5","16.7","28.7","-","o","","","",2017-06-27
"545","29.8","32.3","27.3","1010.1","79","0","18.8","15.6","28.7","-","","","","",2017-06-28
"546","29.6","32.4","26.9","1009.3","80","3.81","18.8","13.9","25.2","-","","","","",2017-06-29
"547","29.3","32.5","26.6","1007.3","77","0","23.3","11.7","21.7","-","","","","",2017-06-30
"548","29.3","32","26","1005.8","83","7.11","15.9","17.4","28.7","43.2","o","","o","",2017-07-01
"549","28.4","31","25.5","1005.7","89","28.7","15.8","15.4","28.7","35.9","o","","o","",2017-07-02
"550","26.8","29","24.3","1006.8","91","72.9","14.3","8.5","21.7","-","o","","o","",2017-07-03
"551","27.1","30.6","25","1008.8","88","11.18","16.7","7.6","14.4","-","o","","o","",2017-07-04
"552","28.9","33","25.7","1009.1","80","20.57","16.4","10.7","25.2","28.7","o","","","",2017-07-05
"553","27.3","30","25.3","1007.8","90","51.05","17.4","10","18","-","o","","o","",2017-07-06
"554","27.2","29.7","24.2","1009.1","88","52.83","12.4","14.1","39.6","-","o","","","",2017-07-07
"555","27.8","30","24.2","1010","91","6.86","17.7","12","21.7","-","o","","o","",2017-07-08
"556","29.1","32.2","26.7","1009.2","85","0","19.5","15.9","28.7","-","","","","",2017-07-09
"557","29.3","32.3","26.5","1008.7","81","0","18","12.6","21.7","-","o","","","",2017-07-10
"558","29.5","33.4","27.1","1010.7","78","0","16.7","10.6","18","-","","","","",2017-07-11
"559","29.5","34.3","27","1010.6","78","0","20.6","6.1","18","-","o","","o","",2017-07-12
"560","30.1","34","27","1008.3","75","-","18.8","8.9","18","-","o","","","",2017-07-13
"561","29.9","33.4","26.6","1007.6","75","1.27","18.8","11.5","25.2","28.7","","","","",2017-07-14
"562","29.5","34","26.3","1007.4","77","9.14","17.2","13.9","28.7","-","o","","","",2017-07-15
"563","27.3","30","25","1008.1","87","30.73","16.4","11.1","25.2","32.4","o","","o","",2017-07-16
"564","26.3","30","24.4","1009.6","91","96.01","10.9","11.7","28.7","-","o","","o","",2017-07-17
"565","25.5","29.4","24.1","1011.4","93","65.79","11.3","8.7","21.7","-","o","","o","",2017-07-18
"566","28.2","32","24.3","1008.7","85","0.25","17.9","7.8","21.7","-","o","","","",2017-07-19
"567","29.2","32.6","26.3","1008.8","81","0","17.5","7.4","14.4","-","o","","o","",2017-07-20
"568","30.4","34","26.9","1009.7","71","2.79","18.3","11.5","21.7","-","o","","","",2017-07-21
"569","29.7","33.4","26.5","1008.1","77","0.25","18.8","10.7","18","-","o","","","",2017-07-22
"570","26.7","29","25.2","1005.7","90","44.7","13.4","11.9","28.7","-","o","","o","",2017-07-23
"571","28.1","31.4","25.5","1005.4","86","2.79","15.9","7.6","18","32.4","o","","o","",2017-07-24
"572","29.7","33.7","26.6","1004.9","80","0","19.5","8.1","18","-","","","","",2017-07-25
"573","29.3","33.7","26.5","1003.9","79","-","18.8","8.3","21.7","-","o","","o","",2017-07-26
"574","29.4","33","26.4","1003.9","76","-","18.5","8.3","18","-","o","","o","",2017-07-27
"575","31.3","35.1","27.1","1003.2","69","0","21.2","8.5","14.4","-","","","","",2017-07-28
"576","31.7","36.1","28.3","998.5","77","0","9.2","8.5","21.7","-","","","","",2017-07-29
"577","32.7","36.3","29.9","995.9","73","0","9.3","12.8","21.7","-","","","","",2017-07-30
"578","30.8","34","29.4","998.8","83","0","12.2","15","25.2","-","o","","","",2017-07-31
"579","30.7","33.2","28.4","1001.7","86","6.35","17.1","15.9","32.4","-","o","","","",2017-08-01
"580","28.8","31","25.3","1002","86","61.47","16.6","10.4","21.7","-","o","","","",2017-08-02
"581","27.7","31","24.9","1001.8","87","17.27","16.9","8.9","25.2","-","o","","","",2017-08-03
"582","28.7","31","26.3","1003.6","84","1.27","17.5","10.7","21.7","-","o","","","",2017-08-04
"583","30.4","34.3","26.6","1006","79","0.76","21.6","11.1","21.7","-","o","","","",2017-08-05
"584","30.6","34","28.1","1006.2","81","0","19.5","12.4","21.7","-","","","","",2017-08-06
"585","30.8","33","28.7","1006.2","80","0","18.3","16.1","28.7","-","","","","",2017-08-07
"586","30.7","33","28.8","1006.1","80","0.51","16.7","21.1","35.9","-","","","","",2017-08-08
"587","29.9","32.2","28","1005.6","85","2.54","17.2","18.7","28.7","-","o","","","",2017-08-09
"588","29.4","31","27","1006.5","88","6.6","16.1","17","28.7","-","o","","o","",2017-08-10
"589","30","32.7","26","1007.7","83","-","16.4","18.7","28.7","-","o","","o","",2017-08-11
"590","30.2","33.1","27.7","1008.6","80","0","16.9","19.4","28.7","-","","","","",2017-08-12
"591","30.1","32.6","27.8","1008.8","80","0","18.3","18.9","28.7","-","","","","",2017-08-13
"592","30.1","32.2","28","1008.6","78","0","20.6","18.5","32.4","-","","","","",2017-08-14
"593","30.3","32.2","27.7","1008.3","76","0","18","15.6","25.2","-","","","","",2017-08-15
"594","29.7","32.8","27.6","1008.3","79","0","19.5","10.9","21.7","-","","","","",2017-08-16
"595","30.2","34.1","27.6","1009.5","76","0","23.3","9.4","18","-","","","","",2017-08-17
"596","30.6","33.9","27.6","1010.5","76","0","23.3","10.6","21.7","-","","","","",2017-08-18
"597","30.8","35.4","27.3","1009.3","73","0","19.5","11.3","21.7","-","","","","",2017-08-19
"598","31.1","34.8","27.8","1006.3","77","0","23.3","10.6","21.7","-","","","","",2017-08-20
"599","32.4","37","28.5","1002.2","72","0","15.8","9.1","14.4","-","","","","",2017-08-21
"600","30.9","38","26.2","999.2","73","5.84","13.4","16.9","35.9","57.6","o","","o","",2017-08-22
"601","27.1","28.4","24","999.6","87","54.61","14.6","24.3","61.1","86.3","o","","","",2017-08-23
"602","30.2","33.5","25.6","1008.4","78","54.1","18.8","12","25.2","32.4","","","","",2017-08-24
"603","28.7","33.4","25","1008.1","81","0","21.4","6.7","21.7","-","o","","o","",2017-08-25
"604","28.9","35.2","22","1005.4","73","17.53","15.6","15.9","43.2","68.3","o","","o","",2017-08-26
"605","26.1","27","24","1005.8","91","105.92","11.3","18.5","43.2","61.1","o","","","",2017-08-27
"606","25.8","27","24.5","1010.5","92","21.59","15.6","9.4","25.2","-","o","","","",2017-08-28
"607","29.3","33.1","24","1009.9","78","15.75","14","8.3","18","-","","","","",2017-08-29
"608","30.1","34","26.3","1008","77","0.25","12.1","10.6","21.7","-","","","","",2017-08-30
"609","29.3","33","26","1006.6","78","13.46","12.1","7.8","18","-","","","","",2017-08-31
"610","29.1","33.8","25.6","1005.2","79","0","10","9.8","28.7","-","","","","",2017-09-01
"611","28.7","32","26.2","1004.8","83","6.1","7.4","7","18","-","o","","o","",2017-09-02
"612","28.8","32","25","1005.4","83","4.83","9.8","13","35.9","-","o","","o","",2017-09-03
"613","26.9","28","24.9","1007.3","93","80.52","13.2","14.1","35.9","-","o","","","",2017-09-04
"614","28.5","31","25.5","1008.5","88","13.21","14.6","12.2","25.2","-","o","","","",2017-09-05
"615","29.3","32.5","26.6","1007.5","84","0.51","19.2","9.6","21.7","-","o","","","",2017-09-06
"616","28.1","31","26.2","1008.8","86","2.29","18.8","8.1","18","-","o","","","",2017-09-07
"617","28.8","31.2","26","1009","83","2.03","17.9","11.3","21.7","-","o","","","",2017-09-08
"618","28.8","32.5","26.8","1009.3","85","2.03","21.9","12.6","21.7","-","o","","","",2017-09-09
"619","29.6","32","26.6","1010.3","80","0.25","18.8","12.2","21.7","-","","","","",2017-09-10
"620","30.3","33.1","26.6","1009.4","77","0","20.3","10.2","21.7","-","","","","",2017-09-11
"621","30.4","34.5","27.2","1009.6","73","34.8","16.4","9.1","28.7","46.9","o","","","",2017-09-12
"622","29.7","34","26.1","1009.4","75","4.83","15.8","10.6","21.7","-","o","","o","",2017-09-13
"623","29.7","32.3","26.2","1008.6","65","0","20.6","10.2","18","-","","","","",2017-09-14
"624","30","34","26.7","1010","73","0","14.8","8.7","14.4","-","","","","",2017-09-15
"625","30.9","34","27.4","1009.8","68","0","10.3","8.3","18","-","","","","",2017-09-16
"626","31","34.3","27.7","1009.4","62","0","12.6","9.4","21.7","-","","","","",2017-09-17
"627","29.9","33","27.2","1010","70","0","17.2","10.6","21.7","-","","","","",2017-09-18
"628","29.2","32.1","26.8","1010.1","71","0","27.8","9.8","18","-","o","","","",2017-09-19
"629","29.6","32.1","26.3","1009.2","77","0","17.1","8","18","-","","","","",2017-09-20
"630","29.1","31.6","27.2","1008.9","78","1.02","17.9","7.2","18","-","o","","","",2017-09-21
"631","29.6","32.4","26.7","1010.3","78","4.32","16.3","8.3","14.4","-","o","","","",2017-09-22
"632","29.7","33","27","1010.5","77","8.89","17.9","9.8","18","-","o","","","",2017-09-23
"633","29.1","32","26.6","1009","80","5.84","16.3","14.8","32.4","-","o","","","",2017-09-24
"634","29.7","33.1","27.3","1010.5","79","0.25","18.3","11.7","25.2","-","","","","",2017-09-25
"635","30.2","33.6","27","1011","78","0","21.4","10.6","18","-","","","","",2017-09-26
"636","30.9","34.5","27.4","1009.2","74","0","17.7","10.6","21.7","-","","","","",2017-09-27
"637","30.4","34.3","27.6","1009.5","72","0","27.5","10.6","21.7","-","","","","",2017-09-28
"638","30.5","33.5","27.8","1012.8","72","0","17.5","12.2","21.7","-","","","","",2017-09-29
"639","29","32","25.6","1013.5","78","11.68","15.8","10.7","21.7","-","o","","o","",2017-09-30
"640","28.9","32","26.3","1011.6","81","16.76","17.1","11.5","25.2","-","o","","","",2017-10-01
"641","29.8","33.4","27.3","1011.4","76","15.75","20.6","9.4","18","-","o","","","",2017-10-02
"642","30.3","34.2","27.5","1012.9","73","0","18.8","9.6","18","-","","","","",2017-10-03
"643","29.2","33","26.7","1014.2","75","1.52","17.9","10.4","32.4","-","o","","","",2017-10-04
"644","29.4","32","26.4","1013","71","0.76","20","9.6","18","-","","","","",2017-10-05
"645","29.5","33","27","1013.2","72","0","17.1","10.2","18","32.4","","","","",2017-10-06
"646","29.7","34","26.8","1013","72","-","18.3","9.4","18","-","o","","","",2017-10-07
"647","30.1","34","26.6","1011.3","67","0","20.3","13.1","25.2","-","","","","",2017-10-08
"648","31","34.1","27.7","1010.2","63","0","22.4","14.1","25.2","39.6","","","","",2017-10-09
"649","31.1","36","28.1","1011.1","64","0","20","12.8","25.2","35.9","","","","",2017-10-10
"650","30.3","34","27.6","1011.1","71","0","20","10","18","-","","","","",2017-10-11
"651","28.7","35","23","1009.7","59","0","20.4","19.1","28.7","-","","","","",2017-10-12
"652","26.2","31","23","1007.9","60","0","24.6","21.1","32.4","-","","","","",2017-10-13
"653","23.8","27","20.4","1004.7","67","1.02","16.1","24.6","32.4","50.4","o","","","",2017-10-14
"654","21.7","24.1","19.4","1002.7","90","52.58","14","27.8","53.9","72","o","","","",2017-10-15
"655","23.4","25.7","20.4","1010.1","90","30.23","13.5","15.4","28.7","-","o","","","",2017-10-16
"656","25","28.4","21.3","1013.3","77","0","18.8","14.1","21.7","-","o","","","",2017-10-17
"657","26.3","30","22.7","1013.3","65","0","18.3","15.7","25.2","-","","","","",2017-10-18
"658","24.1","28","21.7","1012.7","67","0","24.6","16.9","25.2","-","","","","",2017-10-19
"659","23.8","28","21.3","1012.8","62","0","18","19.4","28.7","-","","","","",2017-10-20
"660","23.2","27","19","1012.6","55","0","27.2","18.3","32.4","-","","","","",2017-10-21
"661","22.8","27","19.4","1013.2","53","0","28.8","13.5","25.2","-","","","","",2017-10-22
"662","23.9","28","19.8","1016.9","55","0","19.3","10","21.7","-","","","","",2017-10-23
"663","24.4","29","20.5","1018.9","58","0","15.8","9.6","18","-","","","","",2017-10-24
"664","24.2","27.5","21.2","1018.5","66","0","12.7","9.8","18","-","","","","",2017-10-25
"665","25.4","29","20.9","1015.8","59","0","15.3","9.6","18","-","","","","",2017-10-26
"666","25.4","29","21","1013.9","51","0","25.4","10.6","21.7","-","","","","",2017-10-27
"667","24.8","29","21","1015.8","48","0","26.6","14.3","25.2","-","","","","",2017-10-28
"668","23.9","28","20","1019.5","45","0","28.8","17.8","28.7","39.6","","","","",2017-10-29
"669","22.4","27","18","1021.1","44","0","25.3","17.8","28.7","43.2","","","","",2017-10-30
"670","21.7","26","17.6","1019.3","51","0","16.6","10","25.2","-","","","","",2017-10-31
